visitor_id,origin,destination,travel_date,stay_days,visitor_type,activity_type,latitude,longitude,season
V001,Lahore,Hunza,2026-06-05,5,Nature,Photography,36.3167,74.6500,Summer
V002,Islamabad,Hunza,2026-06-07,4,Adventure,Trekking,36.3167,74.6500,Summer
V003,Lahore,Skardu,2026-06-10,6,Adventure,Trekking,35.2971,75.6333,Summer
V004,Islamabad,Skardu,2026-06-12,5,Nature,Photography,35.2971,75.6333,Summer
V005,Lahore,Swat,2026-06-15,3,Cultural,Cultural Tour,35.2227,72.4258,Summer
V006,Islamabad,Swat,2026-06-18,3,Nature,Hiking,35.2227,72.4258,Summer
V007,Lahore,Chitral,2026-06-20,5,Adventure,Trekking,35.8518,71.7864,Summer
V008,Islamabad,Chitral,2026-06-22,4,Nature,Photography,35.8518,71.7864,Summer
V009,Lahore,Hunza,2026-07-02,4,Nature,Photography,36.3167,74.6500,Summer
V010,Islamabad,Hunza,2026-07-04,5,Adventure,Trekking,36.3167,74.6500,Summer
V011,Lahore,Hunza,2026-07-06,6,Cultural,Cultural Tour,36.3167,74.6500,Summer
V012,Islamabad,Hunza,2026-07-08,4,Nature,Hiking,36.3167,74.6500,Summer
V013,Lahore,Skardu,2026-07-10,5,Adventure,Trekking,35.2971,75.6333,Summer
V014,Islamabad,Skardu,2026-07-12,6,Nature,Photography,35.2971,75.6333,Summer
V015,Lahore,Swat,2026-07-14,3,Nature,Hiking,35.2227,72.4258,Summer
V016,Islamabad,Swat,2026-07-16,4,Cultural,Cultural Tour,35.2227,72.4258,Summer
V017,Lahore,Hunza,2026-07-20,5,Adventure,Trekking,36.3167,74.6500,Summer
V018,Islamabad,Hunza,2026-07-22,4,Nature,Photography,36.3167,74.6500,Summer
V019,Lahore,Chitral,2026-07-24,5,Adventure,Trekking,35.8518,71.7864,Summer
V020,Islamabad,Chitral,2026-07-26,4,Nature,Photography,35.8518,71.7864,Summer
V021,Lahore,Hunza,2026-08-01,6,Nature,Hiking,36.3167,74.6500,Summer
V022,Islamabad,Hunza,2026-08-03,5,Cultural,Cultural Tour,36.3167,74.6500,Summer
V023,Lahore,Skardu,2026-08-05,5,Adventure,Trekking,35.2971,75.6333,Summer
V024,Islamabad,Skardu,2026-08-07,4,Nature,Photography,35.2971,75.6333,Summer
V025,Lahore,Swat,2026-08-10,3,Nature,Hiking,35.2227,72.4258,Summer
V026,Islamabad,Swat,2026-08-12,3,Cultural,Cultural Tour,35.2227,72.4258,Summer
V027,Lahore,Hunza,2026-08-15,5,Adventure,Trekking,36.3167,74.6500,Summer
V028,Islamabad,Hunza,2026-08-17,6,Nature,Photography,36.3167,74.6500,Summer
V029,Lahore,Skardu,2026-08-20,5,Adventure,Trekking,35.2971,75.6333,Summer
V030,Islamabad,Skardu,2026-08-22,4,Nature,Photography,35.2971,75.6333,Summer
V031,Lahore,Hunza,2026-09-01,4,Nature,Photography,36.3167,74.6500,Autumn
V032,Islamabad,Hunza,2026-09-03,5,Cultural,Cultural Tour,36.3167,74.6500,Autumn
V033,Lahore,Skardu,2026-09-05,4,Adventure,Trekking,35.2971,75.6333,Autumn
V034,Islamabad,Skardu,2026-09-07,5,Nature,Photography,35.2971,75.6333,Autumn
V035,Lahore,Swat,2026-09-10,3,Nature,Hiking,35.2227,72.4258,Autumn
V036,Islamabad,Swat,2026-09-12,4,Cultural,Cultural Tour,35.2227,72.4258,Autumn
V037,Lahore,Chitral,2026-09-15,5,Adventure,Trekking,35.8518,71.7864,Autumn
V038,Islamabad,Chitral,2026-09-17,4,Nature,Photography,35.8518,71.7864,Autumn
V039,Lahore,Hunza,2026-09-20,5,Nature,Hiking,36.3167,74.6500,Autumn
V040,Islamabad,Hunza,2026-09-22,4,Adventure,Trekking,36.3167,74.6500,Autumn
